"id","ing"
1,"chicken"
1,"cinnamon"
1,"soy_sauce"
1,"onion"
1,"ginger"
2,"cane_molasses"
2,"ginger"
2,"cumin"
2,"garlic"
2,"tamarind"
2,"bread"
2,"coriander"
2,"vinegar"
2,"onion"
2,"beef"
2,"cayenne"
2,"parsley"
2,"wheat_bread"
2,"yogurt"
2,"vegetable_oil"
2,"egg"
3,"butter"
3,"pepper"
3,"onion"
3,"cardamom"
3,"cayenne"
3,"ginger"
3,"cottage_cheese"
3,"garlic"
3,"brassica"
4,"olive_oil"
4,"pepper"
4,"wheat"
4,"beef"
4,"onion"
4,"cardamom"
4,"cumin"
4,"garlic"
4,"rice"
4,"leek"
5,"honey"
5,"wheat"
5,"yeast"
6,"tomato"
6,"cilantro"
6,"lemon_juice"
6,"onion"
6,"cayenne"
6,"scallion"
7,"wheat"
7,"cassava"
8,"olive_oil"
8,"onion"
8,"potato"
8,"black_pepper"
8,"cumin"
8,"carrot"
8,"cabbage"
8,"turmeric"
9,"tomato"
9,"fenugreek"
9,"pepper"
9,"onion"
9,"potato"
9,"black_pepper"
9,"ginger"
9,"carrot"
9,"garlic"
9,"vegetable_oil"
9,"cabbage"
9,"turmeric"
10,"banana"
11,"cardamom"
11,"coconut"
11,"pumpkin"
12,"lamb"
12,"tomato"
12,"cane_molasses"
12,"wheat"
12,"onion"
12,"beef"
12,"vinegar"
12,"potato"
12,"black_pepper"
12,"bay"
12,"vegetable_oil"
12,"tamarind"
13,"chicken"
13,"onion"
14,"tomato"
14,"olive_oil"
14,"onion"
14,"black_pepper"
14,"cumin"
14,"ginger"
14,"fennel"
14,"carrot"
14,"garlic"
14,"zucchini"
14,"turmeric"
15,"butter"
15,"coriander"
15,"pepper"
15,"onion"
15,"beef"
15,"fenugreek"
15,"potato"
15,"cumin"
15,"bay"
15,"beef_broth"
15,"vinegar"
15,"turmeric"
16,"olive_oil"
16,"cilantro"
16,"lemon_juice"
16,"cayenne"
16,"cumin"
16,"parsley"
16,"garlic"
16,"bell_pepper"
17,"coriander"
17,"fenugreek"
17,"pepper"
17,"meat"
17,"onion"
17,"apricot"
17,"cumin"
17,"lamb"
17,"yogurt"
17,"vegetable_oil"
17,"turmeric"
18,"lemon_juice"
18,"onion"
18,"cumin"
18,"garlic"
18,"bell_pepper"
18,"basil"
18,"bread"
18,"zucchini"
18,"cinnamon"
19,"butter"
19,"wheat"
19,"cinnamon"
19,"starch"
19,"vanilla"
19,"egg"
19,"milk"
20,"coriander"
20,"cilantro"
20,"lemon_juice"
20,"cayenne"
20,"cumin"
20,"pepper"
20,"carrot"
20,"garlic"
20,"bell_pepper"
20,"olive"
20,"vegetable_oil"
20,"caraway"
21,"cane_molasses"
21,"vinegar"
21,"pepper"
21,"coriander"
21,"onion"
21,"fenugreek"
21,"cayenne"
21,"red_wine"
21,"black_pepper"
21,"cumin"
21,"bay"
21,"garlic"
21,"cod"
21,"vegetable_oil"
21,"turmeric"
22,"coriander"
22,"fenugreek"
22,"pepper"
22,"beef"
22,"onion"
22,"vinegar"
22,"raisin"
22,"almond"
22,"black_pepper"
22,"cumin"
22,"bay"
22,"white_bread"
22,"egg"
22,"milk"
22,"turmeric"
23,"tomato"
23,"olive_oil"
23,"pepper"
23,"onion"
23,"cayenne"
23,"garlic"
23,"bell_pepper"
23,"vegetable"
23,"brown_rice"
23,"peanut_butter"
24,"tomato"
24,"olive_oil"
24,"cane_molasses"
24,"onion"
24,"vinegar"
24,"black_pepper"
24,"cayenne"
24,"bean"
24,"carrot"
24,"nutmeg"
24,"bell_pepper"
24,"tamarind"
24,"rice"
24,"rosemary"
24,"chicken"
25,"chicken_broth"
25,"green_bell_pepper"
25,"cayenne"
25,"peanut_butter"
25,"onion"
26,"coriander"
26,"olive_oil"
26,"onion"
26,"potato"
26,"black_pepper"
26,"cumin"
26,"chickpea"
26,"garlic"
26,"bell_pepper"
26,"chicken"
26,"peanut_butter"
27,"tomato"
27,"olive_oil"
27,"pepper"
27,"onion"
27,"roasted_peanut"
27,"garlic"
27,"bell_pepper"
27,"vegetable"
27,"rice"
27,"peanut_butter"
28,"wheat"
28,"coconut"
28,"egg"
29,"coriander"
29,"onion"
29,"potato"
29,"chicken_broth"
29,"black_pepper"
29,"cumin"
29,"garlic"
29,"bell_pepper"
29,"vegetable_oil"
29,"chicken"
29,"peanut_butter"
30,"wheat"
30,"cassava"
31,"butter"
31,"tomato"
31,"coconut"
31,"onion"
31,"roasted_peanut"
31,"vinegar"
31,"cayenne"
31,"vegetable_oil"
32,"coriander"
32,"tomato"
32,"cilantro"
32,"onion"
32,"roasted_peanut"
32,"cayenne"
32,"cumin"
32,"ginger"
32,"carrot"
32,"garlic"
32,"cinnamon"
32,"sweet_potato"
32,"vegetable_oil"
32,"peanut_butter"
33,"tomato"
33,"onion"
33,"thyme"
33,"chicken_broth"
33,"cayenne"
33,"cumin"
33,"chickpea"
33,"garlic"
33,"peanut_butter"
33,"sweet_potato"
33,"vegetable_oil"
33,"rice"
33,"zucchini"
34,"tomato"
34,"onion"
34,"mushroom"
34,"chicken_broth"
34,"cayenne"
34,"peanut_butter"
34,"vegetable_oil"
34,"chicken"
35,"peanut_oil"
35,"tomato"
35,"seed"
35,"onion"
35,"beef"
35,"cayenne"
35,"shrimp"
36,"lamb"
36,"olive_oil"
36,"onion"
36,"pear"
36,"almond"
36,"raisin"
36,"cumin"
36,"ginger"
36,"black_pepper"
36,"cinnamon"
36,"coriander"
37,"olive_oil"
37,"pepper"
37,"green_bell_pepper"
37,"wheat"
37,"thyme"
37,"chickpea"
37,"carrot"
37,"garlic"
37,"olive"
37,"coriander"
37,"chicken"
37,"tomato"
37,"caraway"
37,"rutabaga"
37,"onion"
37,"chicken_broth"
37,"cayenne"
37,"cumin"
37,"parsnip"
37,"bay"
37,"celery"
37,"bell_pepper"
37,"yogurt"
37,"turmeric"
37,"zucchini"
38,"tomato"
38,"onion"
38,"fish"
38,"cayenne"
38,"parsley"
38,"cumin"
38,"chickpea"
38,"carrot"
38,"garlic"
38,"bell_pepper"
38,"olive"
38,"vegetable_oil"
38,"chicken"
39,"tomato"
39,"bean"
39,"onion"
39,"beef"
39,"vegetable_oil"
39,"black_pepper"
40,"butter"
40,"wheat"
40,"apricot"
40,"almond"
40,"raisin"
40,"date"
40,"cinnamon"
40,"vegetable"
41,"butter"
41,"pepper"
41,"wheat"
41,"parsley"
41,"cinnamon"
41,"lard"
41,"chicken"
41,"egg"
42,"tomato"
42,"olive_oil"
42,"bean"
42,"onion"
42,"cardamom"
42,"cayenne"
42,"cumin"
42,"ginger"
42,"celery"
42,"chickpea"
42,"carrot"
42,"garlic"
42,"lentil"
43,"rose"
43,"walnut"
43,"wheat"
43,"lard"
44,"tomato"
44,"pepper"
44,"onion"
44,"garlic"
44,"bell_pepper"
44,"vegetable_oil"
44,"macaroni"
44,"lentil"
44,"rice"
45,"lemon"
45,"onion"
45,"black_pepper"
45,"ginger"
45,"bell_pepper"
45,"olive"
45,"vegetable_oil"
45,"chicken"
46,"tomato"
46,"olive_oil"
46,"pepper"
46,"lemon_juice"
46,"onion"
46,"cumin"
46,"parsley"
46,"bean"
46,"bell_pepper"
47,"tomato"
47,"olive_oil"
47,"pepper"
47,"lemon_juice"
47,"wheat"
47,"roasted_peanut"
47,"chickpea"
47,"roasted_sesame_seed"
47,"parsley"
47,"bean"
47,"green_bell_pepper"
47,"cucumber"
47,"bell_pepper"
47,"olive"
47,"mint"
48,"cilantro"
48,"cinnamon"
48,"onion"
48,"apricot"
48,"plum"
48,"cayenne"
48,"cumin"
48,"parsnip"
48,"parsley"
48,"carrot"
48,"turnip"
48,"ginger"
48,"vegetable"
48,"turmeric"
49,"olive_oil"
49,"pepper"
49,"lemon"
49,"onion"
49,"roasted_sesame_seed"
49,"garlic"
49,"bean"
50,"rose"
50,"wheat"
50,"egg"
50,"lard"
51,"mustard"
51,"salmon"
51,"lime_juice"
51,"cumin"
51,"ginger"
51,"nutmeg"
51,"cinnamon"
51,"cayenne"
52,"lamb"
52,"olive_oil"
52,"pepper"
52,"wheat"
52,"mint"
52,"cayenne"
52,"scallion"
52,"garlic"
52,"bell_pepper"
52,"butter"
52,"rosemary"
52,"lime"
53,"coriander"
53,"garlic"
53,"caraway"
53,"cayenne"
53,"seed"
54,"lamb"
54,"butter"
54,"pepper"
54,"lemon"
54,"meat"
54,"onion"
54,"parsley"
54,"saffron"
54,"vegetable_oil"
55,"coriander"
55,"tomato"
55,"pepper"
55,"caraway"
55,"onion"
55,"potato"
55,"cumin"
55,"parmesan_cheese"
55,"butter"
55,"olive"
55,"vegetable_oil"
55,"chicken"
55,"egg"
55,"pea"
56,"olive_oil"
56,"black_pepper"
56,"cayenne"
56,"cumin"
56,"parsley"
56,"garlic"
56,"bell_pepper"
56,"vegetable_oil"
56,"pea"
57,"olive_oil"
57,"green_bell_pepper"
57,"black_pepper"
57,"honey"
57,"chickpea"
57,"lemon_juice"
57,"garlic"
57,"sweet_potato"
57,"coriander"
57,"tomato"
57,"onion"
57,"chicken_broth"
57,"raisin"
57,"cumin"
57,"carrot"
57,"cinnamon"
57,"turmeric"
57,"zucchini"
58,"olive_oil"
58,"pepper"
58,"green_bell_pepper"
58,"fenugreek"
58,"raisin"
58,"almond"
58,"bell_pepper"
58,"chickpea"
58,"carrot"
58,"garlic"
58,"sweet_potato"
58,"coriander"
58,"onion"
58,"cayenne"
58,"cumin"
58,"orange_juice"
58,"cinnamon"
58,"zucchini"
58,"turmeric"
59,"tomato"
59,"vinegar"
59,"cilantro"
59,"green_bell_pepper"
59,"lemon"
59,"olive_oil"
59,"red_wine"
59,"cayenne"
59,"cumin"
59,"parsley"
59,"celery"
59,"garlic"
59,"bell_pepper"
59,"potato"
60,"vegetable_oil"
60,"milk"
60,"black_pepper"
60,"egg"
60,"feta_cheese"
61,"coriander"
61,"olive_oil"
61,"cilantro"
61,"garlic"
61,"mint"
61,"cumin"
61,"thai_pepper"
62,"olive_oil"
62,"pepper"
62,"lemon_juice"
62,"fish"
62,"orange_juice"
62,"coconut"
62,"ginger"
62,"seed"
62,"olive"
62,"coriander"
62,"caraway"
62,"lemon"
62,"onion"
62,"lime_juice"
62,"cumin"
62,"chervil"
63,"cheese"
63,"yeast"
63,"lemon_juice"
63,"wheat"
63,"starch"
64,"lamb"
64,"onion"
64,"cauliflower"
64,"black_pepper"
64,"garlic"
64,"cinnamon"
64,"turmeric"
64,"yogurt"
64,"vegetable_oil"
64,"rice"
64,"broccoli"
64,"zucchini"
65,"lemon_juice"
65,"ginger"
65,"chickpea"
65,"carrot"
65,"garlic"
65,"oregano"
65,"chicken"
65,"tomato"
65,"onion"
65,"chicken_broth"
65,"cayenne"
65,"cumin"
65,"celery"
65,"bell_pepper"
65,"zucchini"
65,"turmeric"
66,"lamb"
66,"olive_oil"
66,"green_bell_pepper"
66,"lemon"
66,"apricot"
66,"black_pepper"
66,"cumin"
66,"celery"
66,"tomato"
66,"garlic"
66,"bell_pepper"
66,"cinnamon"
67,"lamb"
67,"olive_oil"
67,"cilantro"
67,"lemon"
67,"black_pepper"
67,"parsley"
67,"garlic"
67,"bell_pepper"
67,"olive"
67,"mint"
68,"tomato"
68,"olive_oil"
68,"wheat"
68,"beef"
68,"cumin"
68,"cinnamon"
68,"vegetable_oil"
68,"bell_pepper"
69,"butter"
69,"black_pepper"
69,"ginger"
69,"chickpea"
69,"tomato"
69,"lentil"
69,"lamb"
69,"cilantro"
69,"lemon"
69,"onion"
69,"cayenne"
69,"celery"
69,"macaroni"
69,"cinnamon"
69,"egg"
69,"turmeric"
70,"tomato"
70,"vinegar"
70,"onion"
70,"black_pepper"
70,"macaroni"
70,"cayenne"
70,"cumin"
70,"garlic"
70,"vegetable_oil"
70,"lentil"
70,"rice"
71,"tomato"
71,"olive_oil"
71,"lemon_juice"
71,"onion"
71,"cayenne"
71,"squash"
71,"chickpea"
71,"carrot"
71,"garlic"
71,"vegetable"
71,"coriander"
71,"chicken"
72,"pepper"
72,"egg"
72,"onion"
72,"beef"
72,"oregano"
73,"lemon_juice"
73,"wheat"
73,"orange_flower"
73,"starch"
73,"vanilla"
73,"almond"
73,"vegetable_oil"
73,"lemon"
73,"egg"
73,"nut"
74,"butter"
74,"coconut"
74,"wheat"
74,"vanilla"
74,"almond"
74,"raisin"
74,"milk"
74,"pistachio"
74,"lard"
74,"egg"
74,"nut"
75,"coriander"
75,"olive_oil"
75,"onion"
75,"corn"
75,"cayenne"
75,"cumin"
75,"chickpea"
75,"garlic"
75,"cream"
76,"butter"
76,"honey"
76,"peach"
76,"rose"
76,"chicken"
76,"almond"
76,"black_pepper"
77,"tomato"
77,"beef"
77,"onion"
77,"potato"
77,"black_pepper"
77,"parsley"
77,"cumin"
77,"garlic"
77,"vegetable_oil"
77,"nutmeg"
77,"rice"
78,"tomato"
78,"wheat"
78,"zucchini"
78,"onion"
78,"chicken_broth"
78,"cayenne"
78,"bay"
78,"chickpea"
78,"carrot"
78,"cinnamon"
78,"vegetable_oil"
78,"chicken"
78,"whole_grain_wheat_flour"
78,"turmeric"
79,"butter"
79,"olive_oil"
79,"pepper"
79,"cayenne"
79,"parmesan_cheese"
79,"garlic"
79,"saffron"
79,"cream_cheese"
79,"chicken"
79,"milk"
79,"cream"
80,"tomato"
80,"olive_oil"
80,"pepper"
80,"onion"
80,"beef"
80,"potato"
80,"walnut"
81,"olive_oil"
81,"seed"
81,"wheat"
81,"sesame_seed"
81,"yeast"
81,"anise"
82,"lamb"
82,"coriander"
82,"cilantro"
82,"onion"
82,"cayenne"
82,"raisin"
82,"cumin"
82,"black_pepper"
82,"garlic"
82,"goat_cheese"
82,"vegetable_oil"
82,"egg"
83,"tomato"
83,"vinegar"
83,"lemon_juice"
83,"olive_oil"
83,"roasted_sesame_seed"
83,"radish"
83,"parsley"
83,"scallion"
83,"cucumber"
83,"garlic"
83,"mint"
84,"olive_oil"
84,"cinnamon"
84,"starch"
84,"cardamom"
84,"ginger"
84,"honey"
84,"carrot"
84,"garlic"
84,"tomato"
84,"coriander"
84,"lamb"
84,"lemon"
84,"onion"
84,"chicken_broth"
84,"cayenne"
84,"cumin"
84,"saffron"
84,"bell_pepper"
84,"turmeric"
85,"coriander"
85,"olive_oil"
85,"wheat"
85,"onion"
85,"cardamom"
85,"cayenne"
85,"chicken_broth"
85,"orange_juice"
85,"raisin"
85,"cumin"
85,"ginger"
85,"chickpea"
85,"orange"
85,"mint"
85,"zucchini"
86,"tomato"
86,"olive_oil"
86,"lemon_juice"
86,"wheat"
86,"onion"
86,"apricot"
86,"chicken_broth"
86,"black_pepper"
86,"cumin"
86,"ginger"
86,"carrot"
86,"garlic"
86,"cinnamon"
86,"cranberry"
86,"chicken"
87,"tomato"
87,"olive_oil"
87,"pepper"
87,"lemon_juice"
87,"onion"
87,"cumin"
87,"garlic"
87,"kidney_bean"
87,"pimento"
87,"beef_broth"
88,"butter"
88,"coconut"
88,"wheat"
88,"hazelnut"
88,"raisin"
88,"walnut"
88,"pecan"
88,"lard"
88,"egg"
88,"milk"
88,"cream"
89,"coriander"
89,"pepper"
89,"cayenne"
89,"black_pepper"
89,"cumin"
89,"ginger"
89,"nutmeg"
89,"cinnamon"
89,"turmeric"
90,"olive_oil"
90,"wheat"
90,"mushroom"
90,"cardamom"
90,"almond"
90,"squash"
90,"orange"
90,"chickpea"
90,"carrot"
90,"tomato"
90,"cilantro"
90,"onion"
90,"parmesan_cheese"
90,"bell_pepper"
90,"smoke"
90,"vegetable"
90,"zucchini"
91,"tomato"
91,"olive_oil"
91,"green_bell_pepper"
91,"black_pepper"
91,"parsley"
91,"cumin"
91,"garlic"
91,"bell_pepper"
91,"olive"
92,"pepper"
92,"lemon_juice"
92,"lemon"
92,"apple"
92,"onion"
92,"apricot"
92,"raisin"
92,"cinnamon"
92,"vegetable_oil"
92,"chicken"
93,"olive_oil"
93,"pepper"
93,"fenugreek"
93,"black_pepper"
93,"kidney_bean"
93,"chicken"
93,"milk"
93,"cream"
93,"coriander"
93,"onion"
93,"potato"
93,"soy_sauce"
93,"cayenne"
93,"cumin"
93,"scallion"
93,"milk_fat"
93,"turmeric"
94,"tomato"
94,"olive_oil"
94,"wheat"
94,"bell_pepper"
94,"garlic"
94,"cayenne"
95,"coriander"
95,"sesame_seed"
95,"black_pepper"
95,"cumin"
95,"hazelnut"
96,"cardamom"
96,"coconut"
96,"pumpkin"
97,"lamb"
97,"tomato"
97,"meat"
97,"onion"
97,"olive_oil"
97,"black_pepper"
97,"parsley"
97,"saffron"
97,"ginger"
97,"cinnamon"
98,"mace"
98,"coriander"
98,"lemon_juice"
98,"wheat"
98,"bell_pepper"
98,"cardamom"
98,"almond"
98,"black_pepper"
98,"ginger"
98,"fennel"
98,"seed"
98,"garlic"
98,"chicken"
98,"anise_seed"
98,"butter"
98,"onion"
98,"chicken_broth"
98,"parsley"
98,"saffron"
98,"nutmeg"
98,"sesame_seed"
98,"egg"
98,"cinnamon"
99,"coriander"
99,"cinnamon"
99,"black_pepper"
99,"cayenne"
99,"cumin"
99,"ginger"
100,"butter"
100,"lemon"
100,"onion"
100,"yeast"
100,"chicken_broth"
100,"raisin"
100,"cumin"
100,"cinnamon"
100,"olive"
100,"wheat"
100,"chicken"
100,"egg"
100,"milk"
100,"bell_pepper"
101,"butter"
101,"orange"
101,"almond"
101,"pear"
101,"cinnamon"
102,"olive_oil"
102,"lemon_juice"
102,"lemon"
103,"tomato"
103,"vinegar"
103,"bell_pepper"
103,"olive_oil"
103,"red_wine"
103,"cayenne"
104,"coriander"
104,"lemon_juice"
104,"lemon"
104,"cinnamon"
104,"black_pepper"
104,"bay"
105,"lamb"
105,"butter"
105,"wheat"
105,"beef"
105,"onion"
105,"black_pepper"
105,"parsley"
105,"saffron"
105,"vegetable_oil"
106,"coriander"
106,"lemon"
106,"onion"
106,"black_pepper"
106,"cumin"
106,"saffron"
106,"parsley"
106,"bell_pepper"
106,"garlic"
106,"ginger"
106,"olive"
106,"chicken"
106,"turmeric"
107,"orange"
107,"olive_oil"
107,"scallion"
107,"wheat"
107,"date"
108,"coriander"
108,"olive_oil"
108,"cilantro"
108,"beef"
108,"black_pepper"
108,"cumin"
108,"cinnamon"
108,"mint"
108,"cream"
109,"lamb"
109,"olive_oil"
109,"cinnamon"
109,"onion"
109,"plum"
109,"almond"
109,"saffron"
109,"white_wine"
109,"honey"
109,"sesame_seed"
109,"ginger"
109,"turmeric"
110,"coriander"
110,"olive_oil"
110,"caraway"
110,"garlic"
110,"bell_pepper"
110,"seed"
111,"olive"
111,"olive_oil"
111,"cilantro"
111,"grape_juice"
111,"cumin"
111,"honey"
111,"date"
111,"garlic"
111,"orange"
111,"chicken"
112,"olive_oil"
112,"onion"
112,"vinegar"
112,"red_wine"
112,"cayenne"
112,"cumin"
112,"parsley"
112,"garlic"
112,"cinnamon"
112,"chicken"
112,"lentil"
113,"olive_oil"
113,"cilantro"
113,"lemon"
113,"thyme"
113,"potato"
113,"fish"
113,"lime_juice"
113,"parsley"
113,"fennel"
113,"yogurt"
114,"olive_oil"
114,"wheat"
114,"apricot"
114,"cumin"
114,"pistachio"
114,"currant"
114,"cinnamon"
114,"mint"
115,"tomato"
115,"olive_oil"
115,"pepper"
115,"wheat"
115,"onion"
115,"chicken_broth"
115,"raisin"
115,"cumin"
115,"saffron"
115,"chickpea"
115,"cilantro"
115,"nutmeg"
115,"chicken"
115,"zucchini"
116,"olive_oil"
116,"lemon_juice"
116,"garlic"
116,"cinnamon"
116,"carrot"
116,"cayenne"
116,"cumin"
117,"orange_peel"
117,"olive_oil"
117,"wheat"
117,"date"
117,"cream"
117,"egg"
117,"wine"
118,"tomato"
118,"butter"
118,"cilantro"
118,"lemon"
118,"onion"
118,"beef"
118,"black_pepper"
118,"parsley"
118,"celery"
118,"chickpea"
118,"macaroni"
118,"cinnamon"
118,"vegetable"
118,"lentil"
118,"turmeric"
119,"olive_oil"
119,"wheat"
119,"cumin"
119,"zucchini"
120,"olive_oil"
120,"pepper"
120,"lemon_juice"
120,"wheat"
120,"yeast"
120,"cumin"
120,"garlic"
120,"olive"
120,"bread"
120,"butter"
120,"cilantro"
120,"cayenne"
120,"parsley"
120,"celery"
120,"bell_pepper"
120,"smoke"
121,"lamb"
121,"coriander"
121,"cilantro"
121,"onion"
121,"cayenne"
121,"cumin"
121,"ginger"
121,"parsley"
121,"cinnamon"
121,"pepper"
122,"butter"
122,"tomato"
122,"wheat"
122,"thyme"
122,"chicken_broth"
122,"raisin"
122,"chickpea"
122,"cinnamon"
122,"basil"
123,"olive_oil"
123,"wheat"
123,"almond"
123,"honey"
123,"olive"
123,"chicken"
123,"coriander"
123,"lemon"
123,"onion"
123,"chicken_broth"
123,"raisin"
123,"cumin"
123,"bell_pepper"
123,"rice"
123,"pea"
123,"cinnamon"
124,"peanut_oil"
124,"tomato"
124,"soybean"
124,"garlic"
124,"peanut_butter"
124,"onion"
124,"rice"
125,"tomato"
125,"olive_oil"
125,"cilantro"
125,"lemon"
125,"onion"
125,"potato"
125,"cumin"
125,"ginger"
125,"bay"
125,"garlic"
125,"bell_pepper"
125,"saffron"
125,"parsley"
126,"butter"
126,"macaroni"
126,"wheat"
126,"onion"
127,"tomato"
127,"olive_oil"
127,"wheat"
127,"onion"
127,"beef"
127,"chicken_broth"
127,"red_wine"
127,"pear"
127,"cumin"
127,"ginger"
127,"squash"
127,"honey"
127,"cinnamon"
127,"date"
127,"plum"
128,"vinegar"
128,"wheat"
128,"onion"
128,"nut"
128,"red_wine"
128,"squash"
128,"carrot"
128,"garlic"
128,"bell_pepper"
128,"basil"
128,"vegetable_oil"
128,"mint"
128,"broccoli"
128,"zucchini"
129,"tomato"
129,"olive_oil"
129,"onion"
129,"vinegar"
129,"feta_cheese"
129,"parsley"
129,"white_wine"
129,"chickpea"
129,"cucumber"
129,"yogurt"
129,"bread"
130,"butter"
130,"olive_oil"
130,"wheat"
130,"meat"
130,"cayenne"
130,"corn"
130,"black_pepper"
130,"garlic"
130,"bell_pepper"
130,"vegetable"
130,"lime_juice"
131,"coriander"
131,"fenugreek"
131,"pepper"
131,"onion"
131,"beef"
131,"apricot"
131,"raisin"
131,"cumin"
131,"bay"
131,"black_pepper"
131,"vegetable_oil"
131,"turmeric"
131,"egg"
131,"milk"
131,"bread"
132,"butter"
132,"vinegar"
132,"wheat"
132,"apricot"
132,"orange_juice"
132,"gelatin"
132,"egg"
132,"milk"
132,"cream"
133,"brandy"
133,"peppermint_oil"
134,"butter"
134,"coriander"
134,"pepper"
134,"beef"
134,"onion"
134,"fenugreek"
134,"potato"
134,"cumin"
134,"bay"
134,"beef_broth"
134,"vinegar"
134,"turmeric"
135,"olive_oil"
135,"lemon_juice"
135,"wheat"
135,"onion"
135,"chicken_broth"
135,"parsley"
135,"garlic"
135,"basil"
135,"mint"
136,"tomato"
136,"olive_oil"
136,"cilantro"
136,"lemon_juice"
136,"potato"
136,"cayenne"
136,"parsley"
136,"cumin"
136,"haddock"
136,"garlic"
136,"bell_pepper"
137,"tomato"
137,"olive_oil"
137,"onion"
137,"raisin"
137,"red_wine"
137,"cayenne"
137,"cumin"
137,"garlic"
137,"bell_pepper"
137,"sherry"
137,"beef_broth"
137,"roasted_beef"
137,"turmeric"
138,"olive_oil"
138,"chickpea"
138,"garlic"
138,"bell_pepper"
138,"cayenne"
138,"cumin"
139,"butter"
139,"honey"
139,"chicken"
139,"cinnamon"
139,"turmeric"
140,"butter"
140,"wheat"
140,"onion"
140,"almond"
140,"raisin"
140,"saffron"
140,"white_wine"
140,"cinnamon"
141,"olive_oil"
141,"wheat"
141,"lima_bean"
141,"red_wine"
141,"squash"
141,"ginger"
141,"garlic"
141,"cayenne"
141,"tomato"
141,"vinegar"
141,"cilantro"
141,"lemon"
141,"onion"
141,"leek"
141,"chicken_broth"
141,"raisin"
141,"scallion"
141,"bell_pepper"
141,"turmeric"
141,"pea"
141,"zucchini"
142,"olive_oil"
142,"wheat"
142,"onion"
142,"apricot"
142,"plum"
142,"ginger"
142,"fruit"
142,"currant"
142,"cinnamon"
142,"chicken"
142,"mint"
142,"chicken_broth"
143,"olive_oil"
143,"lemon_juice"
143,"bean"
143,"cinnamon"
143,"ginger"
143,"chickpea"
143,"carrot"
143,"garlic"
143,"tomato"
143,"chicken"
143,"mint"
143,"coriander"
143,"cilantro"
143,"lemon"
143,"onion"
143,"cayenne"
143,"cumin"
143,"bell_pepper"
143,"turmeric"
144,"olive_oil"
144,"wheat"
144,"onion"
144,"yeast"
144,"corn"
144,"honey"
144,"seed"
144,"barley"
145,"coriander"
145,"olive_oil"
145,"cilantro"
145,"almond"
145,"chervil"
145,"orange_juice"
145,"raisin"
145,"saffron"
145,"fennel"
145,"garlic"
145,"orange"
146,"olive_oil"
146,"lemon_juice"
146,"wheat"
146,"thyme"
146,"lemon"
146,"parsley"
147,"olive_oil"
147,"lemon_juice"
147,"wheat"
147,"black_pepper"
147,"squash"
147,"ginger"
147,"cumin"
147,"honey"
147,"seed"
147,"turnip"
147,"chicken"
147,"mint"
147,"tomato"
147,"cilantro"
147,"caraway"
147,"onion"
147,"chicken_broth"
147,"cayenne"
147,"parsley"
147,"cinnamon"
147,"garlic"
147,"zucchini"
147,"bell_pepper"
148,"olive_oil"
148,"lemon_juice"
148,"wheat"
148,"thyme"
148,"pear"
148,"chicken_broth"
148,"black_pepper"
148,"parsley"
148,"garlic"
148,"mint"
149,"lamb"
149,"olive_oil"
149,"onion"
149,"black_pepper"
149,"parsley"
149,"ginger"
149,"honey"
149,"garlic"
149,"cinnamon"
149,"orange"
150,"lamb"
150,"fennel"
150,"olive_oil"
150,"black_pepper"
150,"ginger"
150,"chickpea"
150,"tomato"
150,"coriander"
150,"cilantro"
150,"onion"
150,"apricot"
150,"chicken_broth"
150,"cayenne"
150,"cumin"
150,"cinnamon"
150,"lemon_peel"
151,"olive_oil"
151,"cilantro"
151,"rice"
151,"onion"
151,"chicken_broth"
151,"squash"
151,"saffron"
151,"cumin"
151,"honey"
151,"cinnamon"
151,"chicken"
151,"kumquat"
151,"plum"
152,"olive_oil"
152,"lemon_juice"
152,"lemon"
152,"black_pepper"
152,"fish"
152,"cayenne"
152,"parsley"
152,"cumin"
152,"goat_cheese"
152,"carrot"
152,"rye_flour"
152,"bell_pepper"
152,"olive"
152,"bread"
152,"cinnamon"
153,"coriander"
153,"olive_oil"
153,"cardamom"
153,"chicken_broth"
153,"orange_juice"
153,"cumin"
153,"bay"
153,"honey"
153,"fennel"
153,"carrot"
153,"garlic"
153,"cinnamon"
153,"orange"
153,"chicken"
154,"olive_oil"
154,"lemon_juice"
154,"thyme"
154,"vinegar"
154,"shallot"
154,"red_wine"
154,"cumin"
154,"parsley"
154,"chickpea"
154,"carrot"
154,"beet"
155,"tomato"
155,"olive_oil"
155,"green_bell_pepper"
155,"onion"
155,"parsley"
155,"lemon_juice"
155,"cucumber"
155,"olive"
155,"vegetable_oil"
156,"butter"
156,"olive_oil"
156,"lemon_juice"
156,"cayenne"
156,"orange_juice"
156,"black_pepper"
156,"cumin"
156,"honey"
156,"cinnamon"
156,"chicken"
156,"bell_pepper"
157,"orange_peel"
157,"olive_oil"
157,"orange_juice"
157,"wheat"
158,"tomato"
158,"wheat"
158,"mushroom"
158,"olive_oil"
158,"radish"
158,"ginger"
158,"carrot"
158,"garlic"
158,"whole_grain_wheat_flour"
158,"coriander"
158,"cauliflower"
158,"onion"
158,"cumin"
158,"vegetable"
158,"brassica"
158,"zucchini"
159,"coriander"
159,"olive_oil"
159,"cilantro"
159,"lemon"
159,"meat"
159,"black_pepper"
159,"cayenne"
159,"cumin"
159,"ginger"
159,"garlic"
159,"bell_pepper"
159,"cinnamon"
160,"tomato"
160,"olive_oil"
160,"green_bell_pepper"
160,"lemon"
160,"beef"
160,"black_pepper"
160,"parsley"
160,"celery"
160,"cucumber"
160,"bell_pepper"
160,"wheat"
160,"mint"
161,"olive_oil"
161,"wheat"
161,"bell_pepper"
161,"garlic"
161,"chicken_broth"
161,"cumin"
161,"zucchini"
162,"coriander"
162,"cilantro"
162,"black_pepper"
162,"raisin"
162,"cumin"
162,"saffron"
162,"carrot"
162,"olive"
163,"butter"
163,"cane_molasses"
163,"coconut"
163,"wheat"
163,"pineapple"
163,"banana"
163,"cream"
164,"coriander"
164,"olive_oil"
164,"pepper"
164,"lemon_juice"
164,"raisin"
164,"cumin"
164,"walnut"
164,"caraway"
164,"bell_pepper"
164,"olive"
164,"condiment"
165,"olive_oil"
165,"lime_juice"
165,"honey"
165,"garlic"
165,"scallion"
165,"lime_peel_oil"
165,"lime"
165,"coriander"
165,"onion"
165,"sesame_seed"
165,"cayenne"
165,"cumin"
165,"shrimp"
165,"bell_pepper"
165,"pineapple"
165,"turmeric"
166,"orange_peel"
166,"olive_oil"
166,"beef"
166,"cayenne"
166,"cumin"
166,"lamb"
166,"garlic"
166,"bread"
167,"lamb"
167,"olive_oil"
167,"cayenne"
167,"cumin"
167,"chickpea"
167,"carrot"
167,"garlic"
167,"cinnamon"
168,"cocoa"
168,"vanilla"
168,"cream"
169,"coriander"
169,"fenugreek"
169,"pepper"
169,"cayenne"
169,"cumin"
169,"garlic"
169,"chicken"
169,"turmeric"
170,"olive_oil"
170,"pepper"
170,"lemon_juice"
170,"ginger"
170,"seed"
170,"garlic"
170,"olive"
170,"chicken"
170,"coriander"
170,"cilantro"
170,"caraway"
170,"onion"
170,"cumin"
170,"saffron"
170,"butter"
170,"bell_pepper"
171,"tomato"
171,"cilantro"
171,"lemon"
171,"onion"
171,"fish"
171,"parsley"
171,"saffron"
171,"olive"
171,"carrot"
171,"garlic"
171,"bell_pepper"
171,"pepper"
171,"vegetable_oil"
171,"turmeric"
172,"lamb"
172,"onion"
172,"apricot"
172,"plum"
172,"black_pepper"
172,"squash"
172,"saffron"
172,"honey"
172,"carrot"
172,"nutmeg"
172,"ginger"
172,"sweet_potato"
172,"vegetable_oil"
172,"cinnamon"
173,"olive_oil"
173,"pepper"
173,"fenugreek"
173,"garlic"
173,"tomato"
173,"sweet_potato"
173,"chicken"
173,"coriander"
173,"cilantro"
173,"rutabaga"
173,"onion"
173,"chicken_broth"
173,"cumin"
173,"parsnip"
173,"yam"
173,"cinnamon"
173,"turnip"
173,"currant"
173,"turmeric"
174,"olive_oil"
174,"lemon_juice"
174,"lemon"
174,"lemon_peel"
174,"black_pepper"
174,"garlic"
174,"bell_pepper"
174,"chicken"
174,"mint"
175,"lamb"
175,"olive_oil"
175,"wheat"
175,"onion"
175,"black_pepper"
175,"cayenne"
175,"garlic"
175,"tomato"
175,"oregano"
175,"mint"
175,"cinnamon"
176,"olive_oil"
176,"wheat"
176,"parsley"
176,"scallion"
177,"lamb"
177,"olive_oil"
177,"lemon_juice"
177,"wheat"
177,"onion"
177,"apricot"
177,"mint"
177,"black_pepper"
177,"cumin"
177,"garlic"
177,"coriander"
177,"lemon_peel"
178,"lamb"
178,"coriander"
178,"cilantro"
178,"wheat"
178,"onion"
178,"yeast"
178,"parsley"
178,"cumin"
178,"bell_pepper"
178,"garlic"
178,"tomato"
178,"olive_oil"
178,"whole_grain_wheat_flour"
179,"coriander"
179,"olive_oil"
179,"cilantro"
179,"wheat"
179,"onion"
179,"beef"
179,"cayenne"
179,"black_pepper"
179,"cumin"
179,"cinnamon"
180,"butter"
180,"wheat"
180,"cinnamon"
180,"vanilla"
180,"egg"
180,"milk"
181,"tomato"
181,"olive_oil"
181,"fish"
181,"cumin"
181,"cinnamon"
182,"butter"
182,"cane_molasses"
182,"lemon_juice"
182,"cinnamon"
182,"carrot"
182,"cayenne"
183,"butter"
183,"wheat"
183,"red_wine"
183,"gelatin"
183,"garlic"
183,"vegetable_oil"
183,"lamb"
183,"juniper_berry"
183,"currant"
183,"lemon"
183,"onion"
183,"saffron"
183,"celery"
183,"pistachio"
183,"bone_oil"
183,"veal"
183,"cinnamon"
183,"cranberry"
183,"quince"
184,"pistachio"
184,"mint"
184,"lemon_juice"
184,"wheat"
184,"olive_oil"
185,"olive_oil"
185,"pepper"
185,"wheat"
185,"almond"
185,"black_pepper"
185,"squash"
185,"ginger"
185,"chickpea"
185,"carrot"
185,"turnip"
185,"olive"
185,"coriander"
185,"cabbage"
185,"tomato"
185,"caraway"
185,"onion"
185,"cumin"
185,"saffron"
185,"barley"
185,"zucchini"
186,"coriander"
186,"olive_oil"
186,"pepper"
186,"caraway"
186,"olive"
186,"cayenne"
186,"cumin"
187,"butter"
187,"flower"
187,"wheat"
187,"cardamom"
187,"cinnamon"
187,"honey"
187,"sesame_seed"
187,"orange"
187,"cream"
187,"egg"
187,"fig"
188,"honey"
188,"cinnamon"
188,"onion"
188,"vegetable_oil"
188,"raisin"
188,"ginger"
189,"olive_oil"
189,"lemon_juice"
189,"lemon"
189,"onion"
189,"dill"
189,"fish"
189,"anise"
189,"black_pepper"
189,"fennel"
190,"olive_oil"
190,"lemon_juice"
190,"almond"
190,"black_pepper"
190,"ginger"
190,"fennel"
190,"marjoram"
190,"garlic"
190,"tomato"
190,"chicken"
190,"coriander"
190,"cilantro"
190,"onion"
190,"cumin"
190,"bell_pepper"
190,"turmeric"
191,"lamb"
191,"coriander"
191,"pepper"
191,"caraway"
191,"thyme"
191,"olive_oil"
191,"cumin"
191,"butter"
191,"olive"
192,"olive_oil"
192,"lemon_juice"
192,"wheat"
192,"cinnamon"
192,"almond"
192,"black_pepper"
192,"ginger"
192,"bean"
192,"carrot"
192,"cucumber"
192,"chicken"
192,"cilantro"
192,"lemon"
192,"chicken_broth"
192,"raisin"
192,"cumin"
192,"bell_pepper"
192,"garlic"
192,"lemon_peel"
192,"turmeric"
193,"rose"
193,"roasted_peanut"
194,"lemon_juice"
194,"wheat"
194,"almond"
194,"ginger"
194,"garlic"
194,"mint"
194,"bread"
194,"turkey"
194,"cilantro"
194,"onion"
194,"chicken_broth"
194,"raisin"
194,"saffron"
194,"cinnamon"
194,"vegetable_oil"
194,"egg"
195,"coriander"
195,"olive_oil"
195,"caraway"
195,"cayenne"
195,"seed"
195,"garlic"
195,"bell_pepper"
195,"olive"
196,"butter"
196,"wheat"
196,"onion"
196,"chicken_broth"
196,"almond"
196,"cumin"
196,"turmeric"
197,"olive_oil"
197,"coffee"
197,"onion"
197,"vinegar"
197,"parsley"
197,"cumin"
197,"bread"
197,"wine"
198,"tomato"
198,"olive_oil"
198,"cilantro"
198,"lemon_juice"
198,"lemon"
198,"onion"
198,"chicken_broth"
198,"parsley"
198,"ginger"
198,"cumin"
198,"honey"
198,"bell_pepper"
198,"cinnamon"
199,"lamb"
199,"butter"
199,"wheat"
199,"onion"
199,"black_pepper"
199,"almond"
199,"raisin"
199,"ginger"
199,"honey"
199,"garlic"
199,"saffron"
199,"cinnamon"
200,"tomato"
200,"olive_oil"
200,"lemon"
200,"onion"
200,"raisin"
200,"cumin"
200,"chickpea"
200,"cinnamon"
200,"bean"
200,"wheat"
200,"coriander"
200,"bread"
201,"coriander"
201,"pepper"
201,"caraway"
201,"wheat"
201,"potato"
201,"cumin"
201,"chickpea"
201,"cilantro"
201,"garlic"
201,"bell_pepper"
201,"olive"
201,"vegetable_oil"
201,"leek"
202,"lamb"
202,"cilantro"
202,"onion"
202,"almond"
202,"parsley"
202,"saffron"
202,"honey"
202,"ginger"
202,"date"
202,"vegetable_oil"
202,"cinnamon"
203,"coriander"
203,"olive_oil"
203,"beef"
203,"vinegar"
203,"red_wine"
203,"cayenne"
203,"cumin"
203,"parsley"
203,"cinnamon"
203,"chicken"
204,"olive_oil"
204,"lemon_juice"
204,"beet"
204,"mint"
204,"black_pepper"
204,"cumin"
205,"olive_oil"
205,"cilantro"
205,"beef"
205,"onion"
205,"raisin"
205,"cumin"
205,"chickpea"
205,"carrot"
205,"garlic"
205,"cinnamon"
205,"olive"
205,"beef_broth"
205,"lemon_peel"
205,"bell_pepper"
206,"coriander"
206,"garlic"
206,"chicken"
206,"cayenne"
206,"cumin"
206,"ginger"
207,"tomato"
207,"olive_oil"
207,"lemon_juice"
207,"lemon"
207,"coriander"
207,"fish"
207,"white_wine"
208,"butter"
208,"coriander"
208,"pepper"
208,"wheat"
208,"apple"
208,"onion"
208,"fenugreek"
208,"almond"
208,"cumin"
208,"currant"
208,"sherry"
208,"chicken"
208,"milk"
208,"turmeric"
209,"orange_peel"
209,"olive_oil"
209,"cilantro"
209,"lemon_juice"
209,"onion"
209,"cayenne"
209,"fish"
209,"raisin"
209,"cumin"
209,"cinnamon"
209,"olive"
209,"mint"
209,"bell_pepper"
210,"olive_oil"
210,"pepper"
210,"onion"
210,"potato"
210,"egg"
210,"black_pepper"
210,"cumin"
211,"coriander"
211,"olive_oil"
211,"wheat"
211,"onion"
211,"cauliflower"
211,"almond"
211,"raisin"
211,"cumin"
211,"white_wine"
211,"carrot"
211,"vegetable"
211,"lentil"
211,"zucchini"
212,"tomato"
212,"olive_oil"
212,"onion"
212,"vinegar"
212,"cider"
212,"cayenne"
212,"cumin"
212,"ginger"
212,"parsley"
212,"chickpea"
212,"garlic"
212,"bell_pepper"
212,"mussel"
212,"cinnamon"
213,"tomato"
213,"olive_oil"
213,"wheat"
213,"vinegar"
213,"feta_cheese"
213,"white_wine"
213,"garlic"
213,"mint"
214,"olive_oil"
214,"grape_juice"
214,"wheat"
214,"thyme"
214,"basil"
214,"lemon_juice"
214,"garlic"
214,"bell_pepper"
214,"olive"
214,"rosemary"
214,"leek"
214,"zucchini"
215,"lamb"
215,"olive_oil"
215,"cilantro"
215,"onion"
215,"sesame_seed"
215,"chicken_broth"
215,"pepper"
215,"saffron"
215,"honey"
215,"ginger"
215,"turmeric"
215,"plum"
215,"cinnamon"
216,"olive_oil"
216,"cilantro"
216,"lemon"
216,"onion"
216,"chicken_broth"
216,"black_pepper"
216,"white_wine"
216,"garlic"
216,"olive"
216,"chicken"
216,"turmeric"
217,"olive_oil"
217,"pepper"
217,"green_bell_pepper"
217,"wheat"
217,"black_pepper"
217,"ginger"
217,"cumin"
217,"garlic"
217,"tomato"
217,"olive"
217,"coriander"
217,"butter"
217,"cilantro"
217,"caraway"
217,"lemon"
217,"turmeric"
217,"parsley"
217,"bell_pepper"
217,"lard"
217,"rice"
217,"egg"
217,"cod"
218,"wheat"
218,"chickpea"
218,"lemon"
218,"cinnamon"
218,"garlic"
218,"raisin"
219,"olive_oil"
219,"cilantro"
219,"lemon_juice"
219,"wheat"
219,"onion"
219,"chicken_broth"
219,"cumin"
219,"ginger"
219,"honey"
219,"garlic"
219,"cinnamon"
219,"chicken"
219,"plum"
220,"lamb"
220,"olive_oil"
220,"cilantro"
220,"red_wine"
220,"onion"
220,"chicken_broth"
220,"orange_juice"
220,"cumin"
220,"ginger"
220,"chickpea"
220,"garlic"
220,"cinnamon"
220,"orange_peel"
220,"coriander"
221,"lamb"
221,"olive_oil"
221,"cilantro"
221,"lemon_juice"
221,"onion"
221,"cayenne"
221,"parsley"
221,"cumin"
221,"garlic"
221,"bell_pepper"
222,"olive_oil"
222,"wheat"
222,"cinnamon"
222,"pistachio"
222,"basil"
222,"apricot"
222,"scallion"
223,"coriander"
223,"pepper"
223,"lemon_juice"
223,"wheat"
223,"fish"
223,"cayenne"
223,"parsley"
223,"cumin"
223,"garlic"
223,"cod"
223,"vegetable_oil"
223,"bell_pepper"
224,"olive_oil"
224,"cilantro"
224,"lemon_juice"
224,"wheat"
224,"cardamom"
224,"almond"
224,"scallion"
224,"chickpea"
224,"date"
224,"lemon_peel"
225,"butter"
225,"coriander"
225,"cilantro"
225,"cayenne"
225,"squash"
225,"cumin"
225,"macaroni"
225,"garlic"
226,"coriander"
226,"olive_oil"
226,"cilantro"
226,"beef"
226,"cayenne"
226,"cumin"
226,"lamb"
226,"garlic"
226,"bell_pepper"
226,"cinnamon"
227,"chive"
227,"vegetable_oil"
227,"lemon"
227,"wheat"
228,"peanut_oil"
228,"olive_oil"
228,"pepper"
228,"caraway"
228,"wheat"
228,"cayenne"
228,"cumin"
228,"cinnamon"
228,"olive"
228,"coriander"
228,"chicken"
229,"butter"
229,"olive_oil"
229,"beef"
229,"nut"
229,"red_wine"
229,"fennel"
229,"bone_oil"
229,"veal"
229,"tomato"
229,"fish"
229,"fig"
230,"orange_peel"
230,"vinegar"
230,"lemon_juice"
230,"onion"
230,"olive_oil"
230,"shallot"
230,"orange_juice"
230,"olive"
230,"flower"
230,"orange"
230,"red_wine"
230,"mint"
230,"cheese"
231,"olive_oil"
231,"wheat"
231,"beef"
231,"shallot"
231,"cayenne"
231,"cumin"
231,"ginger"
231,"carrot"
231,"nutmeg"
231,"cinnamon"
231,"beef_broth"
231,"mint"
232,"olive_oil"
232,"dill"
232,"ginger"
232,"parsley"
232,"fennel"
232,"carrot"
232,"garlic"
232,"artichoke"
232,"chicken"
232,"mint"
232,"coriander"
232,"lemon"
232,"onion"
232,"chicken_broth"
232,"cayenne"
232,"cumin"
232,"bell_pepper"
232,"lemon_peel"
233,"butter"
233,"olive_oil"
233,"cilantro"
233,"onion"
233,"apricot"
233,"almond"
233,"black_pepper"
233,"parsley"
233,"ginger"
233,"honey"
233,"garlic"
233,"cinnamon"
233,"chicken"
233,"turmeric"
234,"coriander"
234,"olive_oil"
234,"carrot"
234,"black_pepper"
234,"cinnamon"
235,"olive_oil"
235,"cinnamon"
235,"wheat"
235,"mustard"
235,"almond"
235,"black_pepper"
235,"ginger"
235,"tomato"
235,"chicken"
235,"coriander"
235,"onion"
235,"chicken_broth"
235,"cumin"
235,"butter"
235,"egg"
235,"turmeric"
236,"butter"
236,"rice"
236,"raisin"
236,"cinnamon"
236,"turmeric"
237,"coriander"
237,"olive_oil"
237,"cilantro"
237,"caraway"
237,"onion"
237,"fish"
237,"cayenne"
237,"seed"
237,"garlic"
237,"yogurt"
237,"lime"
238,"butter"
238,"cinnamon"
238,"cayenne"
238,"almond"
238,"raisin"
238,"fennel"
238,"saffron"
238,"honey"
238,"mace"
238,"nutmeg"
238,"ginger"
238,"sesame_seed"
239,"coriander"
239,"olive_oil"
239,"lemon_juice"
239,"onion"
239,"cayenne"
239,"fish"
239,"black_pepper"
239,"parsley"
239,"saffron"
239,"fennel"
239,"garlic"
239,"bell_pepper"
239,"butter"
239,"lemon_peel"
240,"coriander"
240,"fenugreek"
240,"pepper"
240,"lemon_juice"
240,"onion"
240,"cardamom"
240,"fish"
240,"black_pepper"
240,"cumin"
240,"garlic"
240,"lobster"
240,"tomato"
240,"vegetable_oil"
240,"cinnamon"
240,"turmeric"
241,"quince"
241,"lemon_juice"
241,"garlic"
241,"onion"
242,"olive_oil"
242,"lemon_juice"
242,"lemon"
242,"shallot"
242,"cayenne"
242,"parsley"
242,"shrimp"
242,"honey"
242,"garlic"
242,"bell_pepper"
242,"smoke"
242,"leek"
242,"turmeric"
243,"coriander"
243,"black_pepper"
243,"meat"
243,"beef"
244,"butter"
244,"rice"
244,"raisin"
244,"ginger"
244,"turmeric"
245,"cane_molasses"
245,"coriander"
245,"mustard"
245,"onion"
245,"apricot"
245,"almond"
245,"raisin"
245,"ginger"
245,"garlic"
245,"wine"
246,"butter"
246,"olive_oil"
246,"lemon_juice"
246,"lemon"
246,"black_pepper"
246,"prawn"
246,"shrimp"
246,"garlic"
247,"coriander"
247,"pepper"
247,"apple"
247,"fenugreek"
247,"almond"
247,"black_pepper"
247,"garlic"
247,"milk"
247,"bread"
247,"lamb"
247,"lemon"
247,"onion"
247,"apricot"
247,"raisin"
247,"cumin"
247,"orange"
247,"egg"
247,"turmeric"
248,"butter"
248,"wheat"
248,"starch"
248,"vanilla"
248,"milk_fat"
248,"cinnamon"
248,"lard"
248,"egg"
248,"milk"
248,"cream"
249,"tomato"
249,"okra"
249,"onion"
249,"vegetable_oil"
249,"black_pepper"
249,"cayenne"
250,"tomato"
250,"onion"
250,"cayenne"
250,"shrimp"
250,"seed"
250,"bell_pepper"
250,"vegetable"
250,"egg"
250,"pea"
251,"butter"
251,"lemon_juice"
251,"lemon"
251,"rose"
251,"orange_juice"
251,"wheat"
251,"almond"
251,"cinnamon"
251,"vegetable_oil"
251,"egg"
252,"tomato"
252,"olive_oil"
252,"pepper"
252,"caraway"
252,"beef"
252,"cayenne"
252,"cumin"
252,"seed"
252,"garlic"
253,"olive_oil"
253,"onion"
253,"vinegar"
253,"red_wine"
253,"cayenne"
253,"cumin"
253,"parsley"
253,"garlic"
253,"cinnamon"
253,"chicken"
253,"lentil"
254,"pepper"
254,"marjoram"
254,"wheat"
254,"almond"
254,"white_wine"
254,"brandy"
254,"carrot"
254,"chicken"
254,"butter"
254,"onion"
254,"thyme"
254,"apricot"
254,"chicken_broth"
254,"bay"
254,"barley"
254,"plum"
255,"peanut_oil"
255,"lemon_juice"
255,"mustard"
255,"onion"
255,"black_pepper"
255,"cayenne"
255,"carrot"
255,"pimento"
255,"olive"
255,"chicken"
256,"lamb"
256,"vinegar"
256,"onion"
256,"cardamom"
256,"apricot"
256,"cayenne"
256,"ginger"
256,"white_wine"
256,"cinnamon"
256,"vegetable_oil"
257,"olive_oil"
257,"lemon_juice"
257,"garlic"
257,"cinnamon"
257,"carrot"
257,"cayenne"
257,"cumin"
258,"cane_molasses"
258,"butter"
258,"wheat"
258,"vanilla"
258,"cocoa"
258,"milk_fat"
258,"peanut_butter"
258,"egg"
258,"milk"
259,"coriander"
259,"olive_oil"
259,"shallot"
259,"squash"
259,"cumin"
259,"cinnamon"
259,"sweet_potato"
259,"butter"
259,"bell_pepper"
260,"cardamom"
260,"citrus"
260,"seed"
260,"star_anise"
260,"ginger"
261,"pork"
261,"rice"
261,"black_pepper"
261,"pea"
261,"thyme"
262,"olive_oil"
262,"shallot"
262,"nut"
262,"ginger"
262,"bell_pepper"
262,"garlic"
262,"chicken"
262,"butter"
262,"cilantro"
262,"lemon"
262,"thyme"
262,"apricot"
262,"cayenne"
262,"saffron"
262,"cinnamon"
262,"orange"
262,"turmeric"
263,"lemon_juice"
263,"onion"
263,"cumin"
263,"garlic"
263,"bell_pepper"
263,"basil"
263,"bread"
263,"zucchini"
263,"cinnamon"
264,"butter"
264,"olive_oil"
264,"lemon_juice"
264,"parsley"
264,"seed"
264,"turnip"
264,"garlic"
264,"bread"
265,"tomato"
265,"olive_oil"
265,"lemon_juice"
265,"cayenne"
265,"parsley"
265,"fennel"
265,"grape_juice"
265,"olive"
265,"carrot"
266,"coriander"
266,"olive_oil"
266,"pepper"
266,"caraway"
266,"wheat"
266,"fenugreek"
266,"chicken_broth"
266,"lime_juice"
266,"cumin"
266,"seed"
266,"garlic"
266,"bell_pepper"
266,"chicken"
266,"lime_peel_oil"
266,"turmeric"
267,"turmeric"
267,"olive_oil"
267,"bell_pepper"
267,"cumin"
267,"whole_grain_wheat_flour"
268,"tomato"
268,"olive_oil"
268,"cilantro"
268,"lemon_juice"
268,"lemon"
268,"onion"
268,"chicken_broth"
268,"parsley"
268,"ginger"
268,"cumin"
268,"honey"
268,"bell_pepper"
268,"cinnamon"
269,"olive_oil"
269,"lemon_juice"
269,"wheat"
269,"apricot"
269,"cumin"
269,"honey"
269,"cucumber"
269,"mint"
270,"coriander"
270,"olive_oil"
270,"cilantro"
270,"lemon"
270,"meat"
270,"black_pepper"
270,"cayenne"
270,"cumin"
270,"ginger"
270,"garlic"
270,"bell_pepper"
270,"cinnamon"
271,"tomato"
271,"okra"
271,"onion"
271,"peanut"
271,"chicken_broth"
271,"cayenne"
271,"garlic"
271,"peanut_butter"
271,"sweet_potato"
271,"chicken"
271,"rice"
272,"olive_oil"
272,"cilantro"
272,"lemon"
272,"cod"
272,"chickpea"
272,"black_pepper"
272,"cumin"
273,"coriander"
273,"olive_oil"
273,"lemon"
273,"fish"
273,"cayenne"
273,"cumin"
273,"garlic"
273,"bell_pepper"
274,"olive_oil"
274,"wheat"
274,"onion"
274,"yeast"
274,"corn"
274,"honey"
274,"seed"
274,"barley"
275,"wheat"
275,"nut"
275,"almond"
275,"walnut"
275,"pistachio"
275,"hazelnut"
275,"date"
275,"vegetable_oil"
275,"milk"
276,"olive_oil"
276,"lemon_juice"
276,"wheat"
276,"black_pepper"
276,"squash"
276,"ginger"
276,"cumin"
276,"honey"
276,"seed"
276,"turnip"
276,"chicken"
276,"mint"
276,"tomato"
276,"cilantro"
276,"caraway"
276,"onion"
276,"chicken_broth"
276,"cayenne"
276,"parsley"
276,"cinnamon"
276,"garlic"
276,"zucchini"
276,"bell_pepper"
277,"tomato"
277,"lemon_juice"
277,"garlic"
277,"bell_pepper"
277,"smoke"
277,"vegetable_oil"
277,"egg"
278,"lamb"
278,"olive_oil"
278,"onion"
278,"black_pepper"
278,"parsley"
278,"ginger"
278,"honey"
278,"garlic"
278,"cinnamon"
278,"orange"
279,"cinnamon"
279,"onion"
279,"vegetable_oil"
279,"raisin"
279,"almond"
279,"black_pepper"
279,"squash"
280,"olive_oil"
280,"cilantro"
280,"rice"
280,"onion"
280,"chicken_broth"
280,"squash"
280,"saffron"
280,"cumin"
280,"honey"
280,"cinnamon"
280,"chicken"
280,"kumquat"
280,"plum"
281,"cane_molasses"
281,"olive_oil"
281,"cilantro"
281,"papaya"
281,"onion"
281,"lime_juice"
281,"cayenne"
281,"ginger"
281,"scallion"
281,"black_pepper"
281,"bell_pepper"
281,"octopus"
281,"lemongrass"
282,"butter"
282,"wheat"
282,"rum"
282,"vanilla"
282,"brandy"
282,"pecan"
282,"date"
282,"egg"
282,"cream"
283,"olive_oil"
283,"onion"
283,"vinegar"
283,"basil"
283,"red_wine"
283,"black_pepper"
284,"lamb"
284,"tomato"
284,"pepper"
284,"wheat"
284,"onion"
284,"sunflower_oil"
284,"cayenne"
284,"potato"
284,"black_pepper"
284,"parsley"
284,"white_wine"
284,"garlic"
284,"cinnamon"
284,"vegetable_oil"
284,"bay"
285,"lamb"
285,"cilantro"
285,"onion"
285,"almond"
285,"parsley"
285,"saffron"
285,"honey"
285,"ginger"
285,"date"
285,"vegetable_oil"
285,"cinnamon"
286,"coriander"
286,"olive_oil"
286,"cardamom"
286,"chicken_broth"
286,"orange_juice"
286,"cumin"
286,"bay"
286,"honey"
286,"fennel"
286,"carrot"
286,"garlic"
286,"cinnamon"
286,"orange"
286,"chicken"
287,"tomato"
287,"olive_oil"
287,"green_bell_pepper"
287,"lemon"
287,"beef"
287,"black_pepper"
287,"parsley"
287,"celery"
287,"cucumber"
287,"bell_pepper"
287,"wheat"
287,"mint"
288,"peanut_oil"
288,"tomato"
288,"onion"
288,"chicken_broth"
288,"cayenne"
288,"parsley"
288,"carrot"
288,"garlic"
288,"cod"
288,"turnip"
288,"cabbage"
288,"rice"
288,"fish"
288,"cassava"
289,"coriander"
289,"olive_oil"
289,"pepper"
289,"caraway"
289,"lemon"
289,"onion"
289,"parsley"
289,"seed"
289,"garlic"
289,"egg"
290,"olive_oil"
290,"green_bell_pepper"
290,"wheat"
290,"red_wine"
290,"chickpea"
290,"currant"
290,"tomato"
290,"oregano"
290,"lamb"
290,"vinegar"
290,"cilantro"
290,"feta_cheese"
290,"chicken_broth"
290,"scallion"
290,"garlic"
290,"pea"
291,"olive_oil"
291,"lemon_juice"
291,"shallot"
291,"black_pepper"
291,"honey"
291,"lettuce"
291,"garlic"
291,"olive"
291,"bread"
291,"lamb"
291,"cilantro"
291,"onion"
291,"cayenne"
291,"cumin"
291,"beet"
291,"bell_pepper"
291,"orange"
291,"vegetable_oil"
291,"egg"
292,"coriander"
292,"cilantro"
292,"black_pepper"
292,"raisin"
292,"cumin"
292,"saffron"
292,"carrot"
292,"olive"
293,"butter"
293,"cheese"
293,"wheat"
293,"macaroni"
293,"egg"
293,"parmesan_cheese"
294,"coriander"
294,"olive_oil"
294,"pepper"
294,"lemon_juice"
294,"raisin"
294,"cumin"
294,"walnut"
294,"caraway"
294,"bell_pepper"
294,"olive"
294,"condiment"
295,"tomato"
295,"roasted_peanut"
295,"onion"
295,"cayenne"
295,"garlic"
295,"bell_pepper"
295,"sweet_potato"
295,"vegetable_oil"
295,"turnip"
295,"chicken"
295,"rice"
296,"olive_oil"
296,"lime_juice"
296,"honey"
296,"garlic"
296,"scallion"
296,"lime_peel_oil"
296,"lime"
296,"coriander"
296,"onion"
296,"sesame_seed"
296,"cayenne"
296,"cumin"
296,"shrimp"
296,"bell_pepper"
296,"pineapple"
296,"turmeric"
297,"tomato"
297,"onion"
297,"peanut"
297,"cayenne"
297,"bell_pepper"
297,"vegetable_oil"
297,"egg"
297,"pea"
298,"orange_peel"
298,"olive_oil"
298,"beef"
298,"cayenne"
298,"cumin"
298,"lamb"
298,"garlic"
298,"bread"
299,"olive_oil"
299,"cinnamon"
299,"wheat"
299,"mustard"
299,"almond"
299,"black_pepper"
299,"ginger"
299,"tomato"
299,"chicken"
299,"coriander"
299,"onion"
299,"chicken_broth"
299,"cumin"
299,"butter"
299,"egg"
299,"turmeric"
300,"olive_oil"
300,"pepper"
300,"lemon_juice"
300,"ginger"
300,"seed"
300,"garlic"
300,"olive"
300,"chicken"
300,"coriander"
300,"cilantro"
300,"caraway"
300,"onion"
300,"cumin"
300,"saffron"
300,"butter"
300,"bell_pepper"
301,"olive_oil"
301,"brassica"
301,"onion"
301,"garlic"
301,"cayenne"
301,"ginger"
302,"lamb"
302,"olive_oil"
302,"mustard"
302,"egg"
302,"chicken_broth"
302,"red_wine"
302,"garlic"
302,"butter"
302,"rosemary"
302,"bread"
303,"coriander"
303,"fenugreek"
303,"onion"
303,"cardamom"
303,"cayenne"
303,"ginger"
303,"nutmeg"
303,"bell_pepper"
303,"garlic"
303,"cinnamon"
304,"lemon"
304,"thyme"
304,"black_pepper"
304,"bay"
304,"nutmeg"
304,"cinnamon"
304,"vegetable"
304,"chicken"
305,"coriander"
305,"cinnamon"
305,"black_pepper"
305,"cayenne"
305,"cumin"
305,"ginger"
306,"tomato"
306,"cilantro"
306,"lemon"
306,"onion"
306,"fish"
306,"parsley"
306,"saffron"
306,"olive"
306,"carrot"
306,"garlic"
306,"bell_pepper"
306,"pepper"
306,"vegetable_oil"
306,"turmeric"
307,"butter"
307,"pepper"
307,"onion"
307,"thyme"
307,"sage"
307,"corn"
307,"tabasco_pepper"
307,"scallion"
307,"celery"
307,"bell_pepper"
307,"bread"
307,"chicken_broth"
307,"pork_sausage"
307,"wine"
308,"olive_oil"
308,"macaroni"
308,"bell_pepper"
308,"garlic"
308,"parsley"
308,"parmesan_cheese"
308,"cumin"
309,"cilantro"
309,"passion_fruit"
309,"onion"
309,"soy_sauce"
309,"squid"
309,"cayenne"
309,"ginger"
309,"garlic"
309,"mustard"
310,"tomato"
310,"garlic"
310,"peanut_butter"
310,"vegetable_oil"
310,"chicken_broth"
310,"cayenne"
311,"olive_oil"
311,"cilantro"
311,"onion"
311,"black_bean"
311,"avocado"
311,"corn"
311,"lime_juice"
311,"black_pepper"
311,"lettuce"
311,"chicken"
311,"cayenne"
312,"butter"
312,"onion"
312,"cardamom"
312,"nut"
312,"rice"
312,"raisin"
312,"saffron"
313,"olive_oil"
313,"cilantro"
313,"onion"
313,"parsley"
313,"saffron"
313,"chickpea"
313,"garlic"
313,"ginger"
313,"chicken"
313,"turmeric"
314,"olive_oil"
314,"pepper"
314,"marjoram"
314,"lemon"
314,"onion"
314,"garlic"
314,"olive"
314,"broccoli"
315,"olive_oil"
315,"cilantro"
315,"lemon_juice"
315,"salmon"
315,"parsley"
315,"cumin"
315,"garlic"
315,"bell_pepper"
316,"coriander"
316,"pepper"
316,"lemon_juice"
316,"apple"
316,"fenugreek"
316,"almond"
316,"black_pepper"
316,"lamb"
316,"milk"
316,"bread"
316,"butter"
316,"lemon"
316,"onion"
316,"raisin"
316,"cumin"
316,"milk_fat"
316,"mango"
316,"rice"
316,"egg"
316,"turmeric"
317,"coriander"
317,"olive_oil"
317,"black_pepper"
317,"cumin"
317,"beef"
318,"olive_oil"
318,"lemon_juice"
318,"almond"
318,"black_pepper"
318,"ginger"
318,"fennel"
318,"marjoram"
318,"garlic"
318,"tomato"
318,"chicken"
318,"coriander"
318,"cilantro"
318,"onion"
318,"cumin"
318,"bell_pepper"
318,"turmeric"
319,"coriander"
319,"olive_oil"
319,"caraway"
319,"cayenne"
319,"seed"
319,"garlic"
319,"bell_pepper"
319,"olive"
320,"cane_molasses"
320,"olive_oil"
320,"cilantro"
320,"lemon_juice"
320,"wheat"
320,"onion"
320,"chicken_broth"
320,"cumin"
320,"ginger"
320,"tomato"
320,"bell_pepper"
320,"chicken"
320,"cinnamon"
321,"tomato"
321,"coriander"
321,"onion"
321,"chicken_broth"
321,"parsley"
321,"saffron"
321,"chickpea"
321,"lentil"
321,"rice"
321,"chicken"
322,"tomato"
322,"olive_oil"
322,"onion"
322,"thyme"
322,"cardamom"
322,"apricot"
322,"cumin"
322,"squash"
322,"yam"
322,"garlic"
322,"sweet_potato"
322,"chicken"
323,"lamb"
323,"butter"
323,"wheat"
323,"onion"
323,"black_pepper"
323,"almond"
323,"raisin"
323,"ginger"
323,"honey"
323,"garlic"
323,"saffron"
323,"cinnamon"
324,"coriander"
324,"olive_oil"
324,"caraway"
324,"black_pepper"
324,"cayenne"
324,"cumin"
324,"seed"
324,"garlic"
324,"chicken"
325,"tomato"
325,"olive_oil"
325,"lemon"
325,"onion"
325,"raisin"
325,"cumin"
325,"chickpea"
325,"cinnamon"
325,"bean"
325,"wheat"
325,"coriander"
325,"bread"
326,"olive_oil"
326,"lemon"
326,"black_pepper"
326,"parsley"
326,"scallion"
326,"vegetable_oil"
326,"tuna"
326,"egg"
326,"bread"
327,"olive_oil"
327,"wheat"
327,"thyme"
327,"yeast"
327,"black_pepper"
327,"cumin"
327,"honey"
327,"sesame_seed"
327,"hazelnut"
328,"wheat"
328,"corn"
328,"cayenne"
328,"honey"
328,"vegetable"
328,"vegetable_oil"
328,"egg"
328,"milk"
329,"coriander"
329,"lamb"
329,"cilantro"
329,"lemon_juice"
329,"olive_oil"
329,"fish"
329,"cayenne"
329,"cumin"
329,"bell_pepper"
329,"garlic"
329,"tomato"
329,"olive"
329,"bread"
329,"cinnamon"
330,"butter"
330,"coriander"
330,"pepper"
330,"wheat"
330,"apple"
330,"onion"
330,"fenugreek"
330,"almond"
330,"cumin"
330,"currant"
330,"sherry"
330,"chicken"
330,"milk"
330,"turmeric"
331,"coriander"
331,"olive_oil"
331,"pepper"
331,"caraway"
331,"onion"
331,"chicken_broth"
331,"cumin"
331,"celery"
331,"chickpea"
331,"macaroni"
331,"olive"
331,"rice"
332,"coriander"
332,"olive_oil"
332,"wheat"
332,"onion"
332,"cauliflower"
332,"almond"
332,"raisin"
332,"cumin"
332,"white_wine"
332,"carrot"
332,"vegetable"
332,"lentil"
332,"zucchini"
333,"tomato"
333,"olive_oil"
333,"cilantro"
333,"lemon_juice"
333,"potato"
333,"cumin"
333,"haddock"
333,"garlic"
333,"bell_pepper"
333,"mint"
333,"cod"
334,"butter"
334,"cilantro"
334,"lemon_juice"
334,"cumin"
334,"garlic"
334,"bell_pepper"
334,"smoke"
334,"lobster"
335,"olive_oil"
335,"cilantro"
335,"wheat"
335,"onion"
335,"fish"
335,"black_pepper"
335,"parsley"
335,"ginger"
335,"cumin"
335,"garlic"
335,"bell_pepper"
335,"olive"
335,"lemon"
335,"egg"
336,"tomato"
336,"olive_oil"
336,"tuna"
336,"lemon_juice"
336,"egg"
337,"lamb"
337,"olive_oil"
337,"cilantro"
337,"onion"
337,"sesame_seed"
337,"chicken_broth"
337,"pepper"
337,"saffron"
337,"honey"
337,"ginger"
337,"turmeric"
337,"plum"
337,"cinnamon"
338,"butter"
338,"marjoram"
338,"almond"
338,"black_pepper"
338,"garlic"
338,"coriander"
338,"white_bread"
338,"milk"
338,"lamb"
338,"onion"
338,"thyme"
338,"raisin"
338,"cumin"
338,"mango"
338,"vegetable_oil"
338,"rice"
338,"egg"
338,"turmeric"
339,"milk_fat"
339,"mango"
339,"gelatin"
339,"egg"
339,"lime_juice"
339,"milk"
339,"cream"
340,"olive_oil"
340,"cilantro"
340,"lemon_juice"
340,"wheat"
340,"onion"
340,"chicken_broth"
340,"cumin"
340,"ginger"
340,"honey"
340,"garlic"
340,"cinnamon"
340,"chicken"
340,"plum"
341,"vinegar"
341,"coconut"
341,"fish"
341,"cayenne"
341,"cilantro"
341,"ginger"
341,"white_wine"
341,"garlic"
341,"cod"
341,"mint"
341,"banana"
342,"lamb"
342,"olive_oil"
342,"cilantro"
342,"lemon_juice"
342,"onion"
342,"cayenne"
342,"parsley"
342,"cumin"
342,"garlic"
342,"bell_pepper"
343,"coriander"
343,"pepper"
343,"lemon_juice"
343,"wheat"
343,"fish"
343,"cayenne"
343,"parsley"
343,"cumin"
343,"garlic"
343,"cod"
343,"vegetable_oil"
343,"bell_pepper"
344,"coriander"
344,"pepper"
344,"wheat"
344,"apple"
344,"fenugreek"
344,"carrot"
344,"garlic"
344,"tomato"
344,"cream"
344,"butter"
344,"onion"
344,"chicken_broth"
344,"raisin"
344,"cumin"
344,"mango"
344,"turmeric"
345,"lemon_juice"
345,"wheat"
345,"almond"
345,"ginger"
345,"garlic"
345,"mint"
345,"bread"
345,"turkey"
345,"cilantro"
345,"onion"
345,"chicken_broth"
345,"raisin"
345,"saffron"
345,"cinnamon"
345,"vegetable_oil"
345,"egg"
346,"peanut_oil"
346,"pepper"
346,"lemon"
346,"onion"
346,"chicken"
346,"cayenne"
347,"olive_oil"
347,"almond"
347,"ginger"
347,"fennel"
347,"carrot"
347,"tomato"
347,"onion"
347,"potato"
347,"chicken_broth"
347,"raisin"
347,"cumin"
347,"saffron"
347,"chickpea"
347,"cinnamon"
347,"zucchini"
347,"pea"
347,"turmeric"
348,"tomato"
348,"cayenne"
348,"onion"
348,"peanut"
348,"black_pepper"
348,"ginger"
348,"scallion"
348,"garlic"
348,"bell_pepper"
348,"sweet_potato"
348,"rice"
348,"peanut_butter"
349,"vinegar"
349,"turnip"
349,"mustard"
349,"onion"
349,"black_pepper"
349,"bacon"
349,"cayenne"
350,"olive_oil"
350,"wheat"
350,"beef"
350,"shallot"
350,"cayenne"
350,"cumin"
350,"ginger"
350,"carrot"
350,"nutmeg"
350,"cinnamon"
350,"beef_broth"
350,"mint"
351,"wheat"
351,"apricot"
351,"almond"
351,"walnut"
351,"cinnamon"
351,"date"
351,"vegetable_oil"
351,"egg"
351,"sesame_seed"
352,"peanut_oil"
352,"cane_molasses"
352,"wheat"
352,"egg"
352,"milk"
352,"banana"
